,test_accuracy,test_f1,test_recall,test_precision,cv_accuracy_mean,cv_accuracy_std,cv_f1_mean,cv_f1_std
logistic_regression,0.9,0.8933333333333333,0.8933333333333333,0.8933333333333333,0.9550000000000001,0.024494897427831806,0.9527076431630851,0.025250768303654553
decision_tree,0.8625,0.8476190476190477,0.8366666666666667,0.8672727272727272,0.9225,0.031024184114977142,0.9187501230253986,0.031025538347548322
random_forest,0.9625,0.9607265586647029,0.97,0.9545454545454546,0.9775,0.01658312395177702,0.9764006425046503,0.017264877762631574
